index,priority,data length,power of nodes
0,7.0,1512.6738200060745,11.921160781249029
1,2.0,18.12404823246976,15.333047789333035
2,2.0,175.10260675628848,9.838904261326276
3,9.0,147.1560351979764,17.943522964858623
4,2.0,702.4079403622792,13.306343787963488
5,6.0,913.1037616847648,6.776615104382481
6,1.0,328.51662296193996,21.598449088936405
7,3.0,61.071909980875375,20.874609380171997
8,9.0,1162.420278271769,0.3905247989492793
9,4.0,468.2217821375384,6.451684159263523
10,10.0,880.3162047411104,7.5868365457332345
11,3.0,461.7627121901063,2.3568979624268334
12,9.0,149.9790330589948,5.38122900662401
13,2.0,503.01328863390404,11.314782694523728
14,2.0,730.6982966062233,2.174304968100799
15,8.0,910.8175522897307,23.962391437323433
16,3.0,772.8347425453244,18.9792534651406
17,5.0,57.4933432936964,14.129494566319291
18,2.0,511.28881436366333,4.765890355809628
19,1.0,917.6771693441118,19.936040914250782
20,9.0,544.0917054390554,19.424110817518958
21,3.0,444.03944353579425,15.965511447528273
22,7.0,838.3532344142504,10.217053019709295
23,3.0,221.52046506603585,1.8732008431087461
24,9.0,1436.4560917398621,10.350763601458022
25,8.0,1074.9092220693578,14.62005417047365
26,5.0,139.5431171905377,15.502166441467967
27,9.0,459.68752832165967,14.575851463986313
28,6.0,429.94770922524674,3.8091917792245606
29,7.0,744.0249724575377,7.768446631612473
30,2.0,1139.2609597230885,9.60715888612834
31,9.0,256.2345920319689,0.08883245192409284
32,9.0,203.29610594445364,9.141915295429254
33,2.0,1200.2890334781641,1.8204108730497595
34,7.0,1300.191979028999,0.6052224378302089
35,5.0,193.97963708030215,9.603147704517372
36,1.0,1297.8556828260646,10.510894995709112
37,7.0,723.9924460457249,7.457284406581174
38,4.0,1197.810173975159,18.71011664628183
39,1.0,1086.0096319624529,23.61008958800921
40,7.0,10.458119189979925,22.999172507886854
41,6.0,88.80210278846818,21.07078157102518
42,4.0,905.603597451531,0.8957639945981803
43,1.0,721.1701859048445,13.90514724780935
44,4.0,121.5466176820621,14.891100512061113
45,5.0,432.8448262056299,7.105848196850424
46,9.0,456.82648142890645,11.638732138998336
47,6.0,1168.9307384833805,10.55804383979468
48,9.0,479.3297907508229,28.067703262459197
49,3.0,451.3714992450618,0.6843146937737519
50,7.0,194.5816212106963,29.278805630385612
51,3.0,477.732630595973,29.87222498892505
52,6.0,1424.040433553814,12.751019744553577
53,1.0,895.6595992356145,11.435927601132946
54,5.0,576.1292617435279,25.5208380306192
55,8.0,166.79629276654924,19.95941182125442
56,4.0,573.8526029918701,17.87320692983797
57,7.0,77.2703058496491,0.5047597145166183
58,1.0,22.711156545214862,16.151239134271663
59,0.0,35.77359598354616,21.631066025868492
60,5.0,459.61485891215005,17.563781545574955
61,3.0,676.7597910173836,5.120886591963757
62,8.0,800.7235416375497,24.067704393635932
63,1.0,240.56757434027764,15.506645817291023
64,7.0,455.3353008372057,8.99685626814238
65,1.0,960.6055319353038,14.214001864605502
66,6.0,1172.7751831872229,14.994940549943825
67,7.0,331.80324402849476,23.705544156456586
68,6.0,972.9606008725073,20.71458500705912
69,0.0,14.198298888543377,6.727070042594889
70,10.0,502.8313244882334,12.528079113542958
71,6.0,354.7474814982902,14.154180929275839
72,2.0,598.6916770245316,25.494817734834534
73,8.0,1407.7096903698255,8.162108653522651
74,0.0,353.6867048188918,15.117906683334564
75,9.0,482.31983167748547,16.138323034195693
76,9.0,813.7460307621307,13.99584312867946
77,8.0,589.0785794456629,0.942564223076479
78,3.0,462.31120897288713,21.14976005399755
79,0.0,783.306825513686,24.417593037508492
80,5.0,676.0066098279776,17.270338842378504
81,4.0,377.2347733244698,29.549921425535643
82,1.0,462.1700791721884,10.520669012765483
83,5.0,435.7245447510534,0.5290176953128487
84,6.0,92.87629607987384,0.34123141718115413
85,3.0,688.9652784501825,15.183333761695135
86,9.0,84.44979581211612,12.873724506151678
87,2.0,587.476505243099,14.913017733351989
88,5.0,520.4005142303544,13.064738856556126
89,3.0,693.3976177027314,20.967862541756794
90,2.0,415.10927724023855,0.9317938260168646
91,5.0,524.5833594698123,8.281730635919555
92,6.0,11.114541210492689,14.079181144639112
93,9.0,572.1034128953457,2.6121971531534403
94,0.0,221.75901151298888,14.365642009369196
95,7.0,70.06459046058637,20.801155807080406
96,9.0,1511.7722676434232,11.650672276995339
97,6.0,1189.8247442275078,3.6150863081167106
98,8.0,152.60844301483934,15.091216799648592
99,9.0,645.2504252342521,7.441106846826924
100,4.0,347.7535849141924,0.5564727185512943
101,6.0,751.665825971596,15.490754899667913
102,4.0,326.031979731751,7.576483210484562
103,6.0,600.7785869059443,22.068593751125807
104,2.0,104.84049114091971,1.9700802073208497
105,9.0,194.92962577116305,13.8386327606487
106,9.0,165.67523495039882,1.791090435574187
107,7.0,1267.8343852159182,21.097947611897975
108,6.0,48.90602668287568,24.832443006748694
109,8.0,633.6955364422241,4.3620077848762175
110,9.0,1248.5572778189828,16.36830060664871
111,8.0,1061.7860080768996,1.525779749878657
112,1.0,727.8356250806901,14.569442113309034
113,4.0,191.68976646721978,11.720420073881726
114,1.0,776.4555880413709,4.597044563662961
115,7.0,349.9008271605796,33.4775443992003
116,2.0,63.39511986160994,26.601326976352563
117,6.0,965.9597450686163,7.9130061433205015
118,8.0,554.5550575050961,24.681493621747897
119,1.0,9.864650117687688,23.196221572012483
120,3.0,708.2391325766591,26.115210601465442
121,7.0,606.9417704275065,28.85419346042893
122,9.0,495.2722931152003,15.082839689955648
123,3.0,409.23187040590057,2.0433354229934277
124,8.0,371.8371368569092,14.819343883080426
125,1.0,239.14737094413368,14.983981680270297
126,6.0,436.9769912809356,8.959203229230686
127,8.0,1435.9703701937178,3.9818281613176145
128,3.0,303.74314044114635,31.4184901487228
129,9.0,72.04535724459652,16.479090688469938
130,3.0,203.52183795858673,3.137600979067873
131,0.0,784.2905592964809,19.79151307327667
132,9.0,504.3687021949171,9.556151852901392
133,0.0,183.68074920971662,5.3139136172849
134,2.0,1079.5295288256361,17.369869552386138
135,9.0,78.84806724982082,7.569649669158224
136,3.0,322.273283323357,10.66337311805758
137,3.0,803.6057367459287,4.0841825342937295
138,5.0,734.2709216922524,4.33583738568846
139,10.0,148.4741878466874,13.181956984279601
140,9.0,813.4204754346637,10.254824814470318
141,0.0,263.49988206070464,15.61601047178153
142,6.0,542.8965464870182,29.755519318021662
143,10.0,91.64922235074823,1.467856102154384
144,6.0,978.6297144972602,12.904292266180406
145,9.0,212.57237672013616,20.063439541949958
146,1.0,50.38817762771009,1.8716676554451936
147,4.0,950.2799627433419,8.030033653608315
148,6.0,614.8178152131943,16.29103389526493
149,10.0,635.0742760651854,15.179223633924561
150,9.0,319.602416161263,23.295567648742434
151,0.0,1517.1953639035323,10.664862087534676
152,3.0,623.7497378114457,9.924125866839479
153,6.0,1141.7280089239057,20.989035494764572
154,2.0,474.2540524627092,18.279158786554166
155,9.0,926.8865547960518,4.582808879562775
156,4.0,2.124584906499706,3.0811442849162933
157,7.0,228.87236412214344,14.300890607045382
158,2.0,725.4711988987979,6.132581492161076
159,6.0,353.08607850246585,0.13720356679162649
160,9.0,1185.0361197791735,7.563897184459839
161,9.0,186.44058188454926,2.460272814743046
162,2.0,696.6785382728634,14.721382532506807
163,1.0,497.06836207327774,7.196473838464011
164,10.0,1174.836266568081,10.502799215003186
165,1.0,610.7939806141388,4.686898380252799
166,4.0,975.3468931337138,7.837833106434148
167,5.0,268.77780738129485,1.781538480594346
168,7.0,993.4723350039509,23.615932509455334
169,8.0,589.2337921646317,3.536741137221247
170,9.0,232.76457224955618,21.82235466286324
171,10.0,454.2527894518256,11.826127122446895
172,7.0,64.65566677242111,2.1262780287291827
173,4.0,827.2795720193765,1.9696236267840757
174,6.0,1654.9050384957086,33.230064730713195
175,9.0,811.3898112081193,15.917938260766098
176,8.0,851.31772120446,11.291225568947674
177,6.0,468.58209834515895,16.17171839771155
178,5.0,1015.1206724093901,2.949611324039287
179,1.0,1309.3220775737352,5.702131401518777
180,1.0,868.2402018039103,33.937671182041115
181,3.0,577.8259824834903,3.203287035183262
182,8.0,446.1744652291664,18.900693415222843
183,3.0,633.3031283425206,12.521319328622752
184,1.0,598.2302131351399,3.0856610234021353
185,1.0,181.97652322703254,12.62401474029218
186,4.0,317.8396138807567,17.281643076686336
187,7.0,240.08933305680932,6.400639572906599
188,9.0,975.7952297684753,13.640920247814343
189,1.0,610.672323405432,14.543297555759736
190,10.0,395.2047343356605,11.806273761959945
191,3.0,953.7957880561851,14.771574825466267
192,4.0,669.2270238900821,28.584707104436685
193,9.0,1007.0844722088711,10.285923110397242
194,4.0,734.4349860484892,5.305480746373747
195,6.0,212.11157284962002,0.7260548992673517
196,7.0,1327.2583585439677,17.473566484361235
197,1.0,323.48447155511116,18.421421454167916
198,1.0,418.4078957052,4.6909163067619675
199,9.0,602.971608161949,6.281290642175199
200,5.0,460.98380164827756,11.112533691664535
201,9.0,463.3909213874326,17.935349046543163
202,7.0,1330.7281287745163,2.492903537622734
203,3.0,1033.5010584980823,0.7852078858683633
204,9.0,102.72685646879495,3.9228254276210786
205,9.0,738.5854762027794,8.739499355160685
206,7.0,909.5050742062538,2.863080124017622
207,2.0,215.16282920271635,3.3356917662177477
208,7.0,1307.9886131438284,2.0680720103854666
209,4.0,1218.735593523882,16.795061106278848
210,7.0,110.2824737087372,17.118028438091567
211,4.0,407.140237229695,12.405951769625023
212,7.0,910.4221629949567,20.131372308322014
213,1.0,278.17335830250113,16.53176848245985
214,3.0,726.5936637399532,21.970194938671284
215,3.0,1064.3320980090803,10.825390330016857
216,1.0,801.8578180366385,10.819968767322733
217,6.0,686.1051303573188,28.08172566575605
218,3.0,835.9141808266356,33.33533533201522
219,4.0,754.849763509043,9.275949613596918
220,6.0,100.01817131610767,31.736073710635324
221,6.0,1007.5635085799846,13.836430426620613
222,5.0,285.8297486994934,7.055968132262523
223,5.0,855.6823354976063,6.707929251608774
224,7.0,724.5751078483972,8.735164423022558
225,9.0,424.08031882743137,2.359445856485566
226,4.0,244.366566092894,4.715060482406454
227,1.0,676.6767187231575,9.197760000313954
228,6.0,129.6688776111381,2.620034336797959
229,2.0,1100.118417438323,19.060934466013084
230,9.0,596.9757268749684,3.457810644136339
231,2.0,1421.9709822778768,31.5317044013253
232,4.0,108.65431765413439,18.54981970437906
233,8.0,1050.073917315874,14.89258215974699
234,4.0,381.0231876853833,9.762163578655901
235,3.0,566.5421809180157,23.033651694179994
236,6.0,298.99691973001404,19.60089040539557
237,8.0,196.92024932082506,4.595323018035149
238,10.0,655.6951421176068,6.710293359547732
239,4.0,643.0586101470061,0.03471302820738664
240,1.0,1169.3705715435303,3.7651878290632244
241,5.0,214.92508548891198,2.153733552941299
242,5.0,219.96035637100124,38.96578854415351
243,9.0,290.7228553630737,7.153137395597409
244,8.0,1074.7650811892386,3.5086615463462767
245,5.0,638.1861788635761,15.891823241847243
246,1.0,299.4036804927277,12.041326718675457
247,5.0,629.576175395925,5.782642495844117
248,8.0,865.1796427249783,9.43267252789037
249,4.0,66.49837735360444,25.01853331130325
250,9.0,147.14866202958262,1.1255290572034298
251,3.0,517.3519744269414,10.945535607582618
252,2.0,271.1503914373671,17.488043776630448
253,8.0,1616.594858449309,1.583373989387134
254,2.0,148.24258192087643,3.936675418923773
255,5.0,586.7299033758057,3.4177791036364713
256,3.0,136.93739391808708,20.847147292039917
257,4.0,556.4878130523385,15.029157176010688
258,1.0,812.9468303947274,24.254407598203997
259,5.0,382.72440579461863,15.123482910477474
260,8.0,451.7639773586905,22.93043867330342
261,8.0,25.363103862938885,8.011943282479194
262,8.0,96.34094798065757,14.575628624205926
263,4.0,38.11877160943516,16.028873729648538
264,0.0,578.0960661576635,4.11888426880321
265,2.0,585.192383636252,18.86338727700295
266,6.0,439.1627245222118,7.233452645393342
267,0.0,52.44289932376523,4.5308893042886975
268,9.0,1348.7705718897253,10.274948090908303
269,2.0,518.0525280220177,13.199785751922413
270,3.0,1750.948093902397,22.196669431210214
271,2.0,166.9242604870629,13.446358237261526
272,3.0,357.5207469742919,28.492939624253502
273,1.0,209.95105915578887,9.401143840181579
274,8.0,28.686858018195323,1.0133381574146956
275,1.0,43.947576092356826,2.5092250511145586
276,1.0,1373.8829397051895,0.6389186069094865
277,6.0,1123.7707671946423,20.772358339661725
278,3.0,152.59535163497617,2.2894302606976105
279,9.0,701.225334779503,8.915714382871549
280,5.0,840.2759692403841,5.31248926272483
281,5.0,725.2566539761076,26.749292567029666
282,3.0,406.5238281659297,6.4922032897460396
283,6.0,384.8341977964342,7.584615564520657
284,10.0,379.6891211361512,9.024203299993616
285,9.0,544.1376085356653,1.478113544321067
286,8.0,1237.9768233664895,16.536455814962892
287,6.0,385.20489468581604,6.144113784179334
288,1.0,661.9237856492681,15.468389378246243
289,7.0,1716.4537411603997,16.418981745141664
290,3.0,844.414699696961,3.846256076239145
291,8.0,247.21922438920467,22.092990951065214
292,5.0,382.4846164853617,13.322848516331351
293,1.0,206.66179688444078,4.879092835668011
294,8.0,444.25998972154923,14.812626155241286
295,7.0,73.36217519920257,12.751828628934689
296,1.0,819.8867553332354,11.517943745655634
297,3.0,461.06800695807146,21.574611483374728
298,5.0,1130.4850947952632,6.963301867453499
299,2.0,1323.917719258136,0.7063215119414963
300,9.0,373.61787752218095,21.40816114537632
301,9.0,913.1817801290979,4.019453386116857
302,1.0,529.2899867204055,11.208440519745503
303,9.0,788.8629200931193,6.235628004898214
304,3.0,530.4437527821257,12.92103842459162
305,3.0,420.44878804031356,11.3698490428816
306,0.0,530.9053307506741,4.0810267986259525
307,6.0,358.7779976875298,10.546196801818915
308,9.0,59.752578215073015,5.405002985431883
309,4.0,221.55192156163332,6.8642325699101026
310,9.0,965.8346583414668,12.227493153529954
311,2.0,564.7156582946659,0.018620010660951536
312,0.0,603.0686359520379,9.273568109856347
313,2.0,1088.9769395715707,27.49035677932764
314,0.0,972.2910078632194,28.60943050064843
315,8.0,12.103797794527225,4.256409110398894
316,1.0,411.41748821371743,21.82871695619454
317,5.0,520.9975173550556,16.433986404810085
318,5.0,585.4495511147093,4.678664315578667
319,8.0,1065.420994815421,1.2047804309597154
320,0.0,303.2386607864614,6.5295040573877685
321,6.0,753.0424755182212,3.779702037345519
322,4.0,724.5863284899169,4.38583602309129
323,2.0,195.7928235751084,9.618848731773085
324,5.0,846.1929978062994,4.756555525625668
325,7.0,160.09766625647336,1.630853645906825
326,7.0,369.87947939368996,1.2523900422627197
327,2.0,235.6890801642723,3.9157634507222365
328,6.0,95.48769797982413,2.625344992737107
329,8.0,54.22495610208375,25.625598976560767
330,6.0,458.45548266930916,10.442365642439047
331,5.0,1198.3180035918303,19.962961047064738
332,8.0,673.1883778105594,19.663968516582717
333,10.0,442.7938401137583,13.741570611589998
334,7.0,1109.3910538766986,7.230846563281958
335,2.0,721.833206502176,16.497129964555214
336,8.0,1385.9838263095655,29.83368529190583
337,10.0,91.81225630307398,15.393426222576903
338,0.0,675.8870084817277,15.949669536657142
339,9.0,483.8232445483288,10.388912317767867
340,1.0,58.770504721658426,19.770579365283204
341,8.0,902.114251558608,13.243799843882606
342,0.0,828.6190682284052,14.724085384488495
343,6.0,740.2603019776327,25.422875407351132
344,3.0,352.2322912489531,7.20374394453653
345,7.0,1550.6244733924827,1.7932024102864865
346,6.0,610.7251462948277,6.594859549910782
347,10.0,2010.6533766519524,16.71033771278928
348,2.0,1149.3460091650034,23.307410804625082
349,8.0,1179.0426712618023,3.699714217965253
350,8.0,267.049025422712,2.338029088190118
351,8.0,1569.2171469470852,20.27970447445356
352,3.0,254.9861915222806,8.86840555490253
353,2.0,246.10554138408816,4.73450527294152
354,7.0,1439.021332046407,3.609999189831486
355,1.0,807.8766306303339,2.993442363135932
356,8.0,962.7044082892153,2.4502038266334036
357,2.0,1008.8457826495628,4.991938255088623
358,9.0,260.2988110092275,23.600456224742942
359,7.0,295.86840108514457,6.660695859384113
360,0.0,826.4030126717169,9.082297250953147
361,3.0,237.4722189531418,8.229182142369242
362,8.0,885.1003329834189,5.17904065454612
363,2.0,733.6193865991592,22.980111043295167
364,0.0,993.3592922663993,0.9654658021599403
365,7.0,64.34077151069437,25.69985278639149
366,9.0,675.8052412331369,3.199252317825737
367,7.0,362.9197216637873,21.214364842170145
368,5.0,61.68616136992517,17.970403253454613
369,5.0,184.38503560578334,9.376343734222615
370,7.0,1215.5571156259282,17.848545439567175
371,8.0,967.7461092333529,26.17580922599137
372,3.0,57.82078398666164,16.776362836810183
373,6.0,126.88601946106121,7.7837885969582
374,8.0,1141.2829379135098,11.077908077027192
375,1.0,81.62249130866888,5.87277055147824
376,1.0,318.71618549103187,12.947652905309369
377,2.0,577.1751301599704,20.02365496021528
378,7.0,208.4904758804575,16.951702457051642
379,1.0,805.3780347605114,21.34641073154546
380,6.0,253.77707218525677,10.800974082902354
381,6.0,529.246194664674,22.25516909235008
382,7.0,134.3186366802862,17.701840887359428
383,2.0,704.3850813687372,7.743035301339226
384,10.0,272.31371604011764,12.787025683551255
385,5.0,408.1068003138457,30.891474154118406
386,3.0,22.340753792131807,11.2103934667288
387,8.0,955.5923387229377,11.710268177285402
388,4.0,930.6249114321009,9.700085667819973
389,10.0,877.6781341850386,1.1568162063666438
390,10.0,846.6381436388405,22.137622458734924
391,6.0,493.4177807094381,21.15357898837077
392,1.0,786.1012651153741,15.881631016064443
393,4.0,641.4966601471422,8.116366548680412
394,10.0,1001.9386353163222,4.469901310739193
395,9.0,630.7232758706766,4.341044285552095
396,3.0,413.32749019715084,10.998871467606392
397,6.0,190.47752356357478,1.374099642490549
398,3.0,279.1280963221144,7.024592967658149
399,8.0,199.8344697686506,3.7901386686421015
400,2.0,488.63943198108825,17.683946792121745
401,5.0,462.9767785678976,1.5652818471037104
402,1.0,929.3479138741693,23.32612841910884
403,9.0,435.6357758641994,19.56751001203356
404,6.0,393.98355279858185,18.354536970918694
405,0.0,526.8968094448918,12.113770283091663
406,7.0,367.2025796506675,12.536897843081448
407,6.0,908.9359705231905,21.649210589764586
408,0.0,1026.998288687077,24.219790649644438
409,6.0,369.41344772542243,11.277268586561693
410,8.0,319.70779693240763,11.32178418930901
411,4.0,530.5205171676822,22.11870603749092
412,0.0,903.1449584719522,8.05456081771054
413,9.0,263.46945822236114,23.812357594041174
414,8.0,135.40714922506595,3.603496673666694
415,9.0,764.1396681731361,28.98089055336212
416,6.0,498.21280450979435,8.207981005307113
417,10.0,509.652160129054,19.183391355952935
418,2.0,1045.90046686715,5.081438950537811
419,2.0,648.3036511728021,2.1197115535123334
420,5.0,656.7820250816163,20.783802686385783
421,4.0,1248.717820205348,32.9973509571952
422,10.0,420.1368168993521,1.6934200186756314
423,7.0,1032.5921889249903,25.5799831273468
424,6.0,1002.4401091194634,19.47934939704497
425,4.0,1514.357830323631,3.830198823472073
426,0.0,1078.911956063908,7.451739395264127
427,8.0,1667.2926720782496,0.5029306905406088
428,6.0,667.6766212295568,0.301505865901051
429,4.0,907.0030100411092,6.749700872580406
430,2.0,1882.9882863547627,25.927161798777973
431,3.0,1043.7105488504167,12.49906207243712
432,9.0,725.8695699216366,1.6984175941746358
433,6.0,224.3997189872133,1.4905638281758709
434,7.0,14.335058689091113,5.392361062903252
435,5.0,1.5483347362455788,22.20787133800803
436,7.0,17.312455403789613,1.2767202805733255
437,0.0,1043.2846817214381,15.962245985606318
438,2.0,243.438405949576,8.497588042293664
439,8.0,356.9461716708008,5.141181807725416
440,6.0,846.9914708751571,0.667376702969003
441,3.0,1107.573063696589,11.286190965410714
442,7.0,647.8349997991493,11.604778844923835
443,2.0,897.9247162123548,2.5163352796480627
444,1.0,37.009616051036005,12.463446993750143
445,2.0,258.6079426389357,19.60462438526573
446,5.0,42.01521357566958,13.738746827895728
447,4.0,121.26336310365627,3.449059649611719
448,9.0,647.212908148686,14.81058080872011
449,3.0,754.3188893465151,1.3727182404624756
450,4.0,128.5969293353403,15.359118271005862
451,6.0,652.3473381166834,10.559681347422949
452,3.0,106.18825748420431,24.755959993616017
453,4.0,817.3407574826815,18.556621953625626
454,6.0,85.7311624001199,18.966655128690128
455,1.0,226.01588364623865,6.173862393966737
456,6.0,1463.7716166190567,10.898464746852255
457,4.0,447.601895348323,18.32037797249896
458,3.0,266.5032635831676,8.947949227593988
459,7.0,1108.9457187683033,1.4825933595082041
460,5.0,671.4503351410623,22.043818893828515
461,3.0,843.4724546599466,20.292655629370035
462,4.0,618.7389344716322,9.212182255843633
463,2.0,848.6916264125018,5.20346378509096
464,2.0,938.00021825329,8.176357348131178
465,7.0,80.47679701640885,9.276564009161447
466,0.0,347.55554561544255,7.49932744508054
467,3.0,313.9176114532088,4.8161373499340225
468,7.0,224.87465679526377,11.489102210176597
469,9.0,374.08165798908556,34.19052194519621
470,4.0,119.4057801569632,23.915261616318737
471,8.0,930.2720494417207,20.69953331644003
472,6.0,208.56632540349665,11.68476077021217
473,9.0,1012.6387591906773,15.506771749206871
474,2.0,1268.541521840194,1.997527960833228
475,7.0,933.5932344226192,11.020290444386191
476,1.0,153.92499857258133,18.06461093520698
477,4.0,987.4633208834564,8.92772342649946
478,1.0,815.2072293459955,17.86682994614738
479,6.0,380.49809464555005,1.8984034208082452
480,0.0,1045.7793822504477,6.046298913041712
481,10.0,181.81542655510594,19.872929355702485
482,7.0,417.44411424586485,16.016927168525214
483,3.0,228.42716553733374,21.800083853921635
484,3.0,279.1997552773486,5.839315094611656
485,6.0,220.51451411744267,2.5272196136048217
486,8.0,1324.7428460728265,20.926078566228533
487,8.0,881.8152556278565,6.81016921495964
488,4.0,977.8422162783297,11.196884414586991
489,10.0,47.73670847622725,23.5323336090959
490,7.0,162.39991567992422,5.681089911020315
491,6.0,1042.6423681262538,14.274037163586964
492,6.0,422.41452911313473,0.11859362152342001
493,1.0,73.78250703006296,12.350597527603052
494,6.0,515.4485078638015,15.048137199139108
495,9.0,256.8519435580947,21.938537649963415
496,4.0,136.39858965188336,9.939279393718925
497,8.0,51.695493966703566,22.50916988977925
498,9.0,1536.6132289528607,24.25173111396897
499,0.0,138.3785679827451,17.878653722751366
500,8.0,179.69524200139887,14.853076664724615
501,5.0,1150.828884515964,26.422993006728536
502,9.0,254.2194719150749,14.888872379789671
503,7.0,290.0063835857877,16.335417530775665
504,4.0,506.2088711478029,13.531209220838608
505,1.0,75.50482203739648,11.923591436857192
506,8.0,688.062794630368,12.972597270195013
507,1.0,222.8817948060875,2.9947185434189034
508,1.0,452.8810596660914,9.981621900508227
509,4.0,441.24772368398067,26.766371923150775
510,3.0,202.60194244499326,12.635927919101483
511,9.0,609.35187976568,7.900926398473306
512,6.0,293.1949358559299,7.754328413588872
513,5.0,433.6872220964938,20.092894049611164
514,10.0,16.61264636279435,20.96167818733557
515,5.0,1021.3610020709757,0.2432731651059008
516,8.0,813.2134185304922,15.256080887190965
517,5.0,43.13782101389671,11.683260159589482
518,7.0,789.8872826083707,17.086588890833887
519,1.0,551.5959640701938,14.758423797054775
520,3.0,754.0857442415082,8.374693321714883
521,3.0,1549.1448249230152,12.899968435590628
522,4.0,139.76999189244157,16.524746146356264
523,3.0,1854.4917141229967,8.851703011977081
524,3.0,204.93237178314826,5.988058349586442
525,3.0,685.0310226305672,15.2798253467422
526,9.0,639.263708338705,7.445327962676801
527,7.0,398.1615945180678,8.038573941116006
528,7.0,1091.7474096968917,27.146840508288573
529,5.0,1182.5197920709888,5.187505958787762
530,9.0,751.2847108233962,3.9067881232411654
531,3.0,23.9699182999027,0.02300884406519188
532,10.0,990.0102292363808,14.41973135168616
533,8.0,458.5914450911813,0.3170131401712055
534,7.0,25.894113498124568,28.100175373886294
535,8.0,185.66099153037555,5.466826528124959
536,9.0,169.4417431812641,3.7044656886278453
537,1.0,276.7624397520483,25.066570526765673
538,5.0,6.556132801674892,23.313485195725754
539,2.0,1979.994422083608,25.310323527465272
540,9.0,767.4966967629183,13.61994107945747
541,9.0,162.46649080288392,10.646672700857982
542,5.0,761.4553975670897,29.52573532198898
543,2.0,667.3183505912767,12.969459992007597
544,5.0,801.8301401989859,3.446855597722319
545,1.0,897.8598477567273,10.681896992693835
546,2.0,727.3984436723147,9.211345839679833
547,1.0,708.0898887881973,14.811118523745085
548,2.0,152.67403877949044,14.677683667855499
549,8.0,236.9761345474882,10.245048127328012
550,9.0,1466.3035611504858,36.03080170227787
551,5.0,1348.4191185911473,8.392009022263334
552,4.0,1070.722230313702,9.259979145782692
553,3.0,890.9518557177112,17.356253334901112
554,8.0,673.4922858720523,10.664565438321127
555,9.0,1588.2210615946706,2.5612119261238107
556,9.0,458.37214724903225,10.273555568410828
557,2.0,638.9469430414247,23.601368405768824
558,1.0,1077.805044773378,0.29015981164610416
559,3.0,886.6127664103922,11.389296795816847
560,4.0,1182.9508479696178,7.116132708187587
561,3.0,676.4034483002315,26.355874669774977
562,4.0,98.48737709051244,12.429276753844087
563,2.0,1030.1551632515134,8.239425721878291
564,4.0,1233.0538941374466,9.50261496386415
565,6.0,465.6101447770492,21.5815052404906
566,2.0,584.8077593999334,2.9846949739300435
567,10.0,333.71371692795327,1.3451574095832726
568,1.0,590.8176119853968,9.208065173407094
569,2.0,658.073050459067,5.057187691419648
570,2.0,946.7281972346077,9.213726339810936
571,9.0,86.69304983822485,14.368799670508814
572,3.0,236.77929247959162,12.539429893215527
573,3.0,1090.0696276168333,21.858078100452794
574,1.0,542.084890153307,12.129752561916646
575,9.0,209.87660710080678,17.512676109112903
576,1.0,111.95737477526649,9.448712948928474
577,6.0,90.23594329905069,7.042448906993677
578,10.0,519.401114536196,6.154948535529298
579,2.0,1866.8848958878655,11.610293250739586
580,1.0,1003.8180417816559,3.6179845609148824
581,4.0,372.4154502689762,9.873488637830183
582,9.0,82.96733042511596,26.60907549358469
583,1.0,149.66529582679652,11.882506420980258
584,1.0,1704.9152396736258,7.985399315493778
585,1.0,522.1863833035612,29.495914656532175
586,7.0,453.2587545126204,15.49577909420023
587,5.0,24.344914976350992,6.547503379034637
588,5.0,477.15061066129516,28.06093101468202
589,4.0,224.21492067694948,11.254682016025425
590,7.0,831.6590754559791,5.639475267650509
591,3.0,534.7388143931681,6.676044156405423
592,9.0,583.4621376564324,6.017990289219722
593,10.0,550.8062292547065,28.424360665844212
594,10.0,759.5371086615221,13.690174628407842
595,2.0,11.872745139722781,16.890614107795436
596,8.0,1377.2343511648664,20.23798845960433
597,3.0,982.6508417480268,16.667312452425655
598,2.0,511.11068559394226,0.4188063970527285
599,6.0,741.384306881457,19.50827422133854
600,9.0,850.0620216445188,6.015051004831653
601,8.0,1332.3716259925118,26.613619558143405
602,8.0,48.75410914043363,22.224422630972533
603,5.0,100.07197665191251,0.502163875467776
604,3.0,218.0862856772141,15.100967013884542
605,8.0,619.5580583897764,18.756506002945052
606,1.0,757.4177948074083,7.972523827679849
607,4.0,560.1319071302619,17.62450868545946
608,3.0,860.8105769502454,9.505994192407492
609,8.0,304.23582119313653,14.743791157544466
610,3.0,519.0479090435061,13.486921993322202
611,6.0,325.7985657459715,8.216273768527106
612,8.0,1073.6627844649925,13.48104811625596
613,7.0,1149.2592009072105,2.7929322694033507
614,5.0,930.0735315161287,1.5318773008659896
615,9.0,340.9181121706996,8.01513058731096
616,6.0,1369.197785529846,1.6972127620208433
617,3.0,543.9514038268015,6.209910297629785
618,5.0,878.4351604008225,9.823111701120476
619,4.0,645.0916405231796,22.00877751172837
620,0.0,13.797388980988046,6.1000951988219825
621,9.0,518.8483733235814,13.743284975312418
622,6.0,306.5645078241606,0.710423673936166
623,5.0,1428.7309867236795,7.113632504772841
624,6.0,244.9864817942066,11.37340033311159
625,3.0,310.05208559284597,4.12829284191703
626,3.0,29.14680037711844,14.414480425232576
627,7.0,17.524680080074347,0.452785949847085
628,7.0,89.88375738197072,6.532602638603458
629,7.0,249.17952282490904,10.030486551110798
630,5.0,577.2702035878001,0.2518017195350062
631,2.0,844.2700784455767,6.266013062819269
632,4.0,271.86631260488036,19.69865126337394
633,9.0,476.76893980513603,27.420748142968808
634,3.0,248.80478841250857,26.358974468914138
635,8.0,407.87190821413606,1.319825497145736
636,3.0,14.863685854888445,26.503793476646106
637,9.0,295.6155322893494,17.79345642169412
638,0.0,272.5739802978942,23.57508118776299
639,2.0,1096.095894395987,15.795607781620026
640,6.0,1015.4267842965636,4.393263518011161
641,8.0,236.28905137813229,12.808487692573145
642,4.0,213.29967196888538,5.66454366860203
643,0.0,899.3402558901578,5.12537027066312
644,5.0,42.58960576993957,8.372734626048715
645,1.0,1034.873450714859,12.512308538301271
646,7.0,664.2459844569125,6.484689943718562
647,6.0,62.18916100070851,17.915610567152335
648,9.0,544.2345579933972,4.28547540547128
649,6.0,716.1741319583762,3.452286782710356
650,5.0,508.347532874063,23.299210702632877
651,4.0,353.1483216284215,3.209715022887753
652,6.0,555.5715838037862,0.7741163171774659
653,4.0,694.1586413227268,7.551188603253671
654,9.0,707.6858315964048,32.375973529352365
655,9.0,194.8952476859033,7.289414883612923
656,5.0,539.5109217304938,18.319457601493966
657,8.0,194.72249034399692,0.8802893111822367
658,3.0,766.519430338258,19.390841776652543
659,3.0,254.14066677079717,26.846344752424912
660,8.0,139.42698632872595,11.042685058312198
661,8.0,212.41547304543025,4.357862363078643
662,6.0,140.70808256415955,7.672167918190208
663,1.0,310.35217324651376,13.749211296001885
664,3.0,159.16014798312978,17.105829656369444
665,0.0,57.89383535810191,4.5369204830188234
666,10.0,877.6534650558817,16.77364709658383
667,9.0,448.37836101470737,20.457399756530805
668,1.0,277.8188645828799,5.623518955743823
669,6.0,801.7454564128634,0.5801084038909305
670,5.0,271.5959943261085,16.494523167938688
671,2.0,1465.8899865443307,17.283871140605758
672,5.0,661.196188151363,16.95998005086191
673,0.0,329.8172452180155,8.558952301483835
674,2.0,639.586648488137,11.851900469360546
675,4.0,360.56355716634846,10.448383260957405
676,10.0,1020.9813207348228,3.5724596279569454
677,4.0,533.4876262453574,1.748088339658029
678,10.0,616.7615840514261,6.046903566862327
679,2.0,910.8634900132729,14.60178212469216
680,7.0,1456.088907685526,22.11875126691951
681,1.0,388.74529286343517,5.801917570831014
682,9.0,98.135757651576,27.5593649495432
683,9.0,542.0963691039137,21.7575709069232
684,4.0,698.1269845195005,8.987789799186151
685,1.0,1163.3510369139321,11.0589867959396
686,4.0,255.41740214629783,10.748036739039705
687,3.0,296.6662997554117,24.977922652347274
688,6.0,1094.6624253675166,14.803824092107892
689,4.0,621.3267597575193,5.793935396770623
690,8.0,525.9455381445435,19.280060581537136
691,5.0,723.3199363721837,6.367836234006395
692,7.0,821.4051225252754,10.529373970755591
693,4.0,956.8097673163779,16.344341125792933
694,0.0,200.13841050133556,13.98524023950893
695,3.0,450.15606807546294,23.209910773225282
696,3.0,806.9633770339445,6.935136330290238
697,2.0,257.15578883319847,10.487996197655374
698,0.0,807.9101706046982,0.8605843965575222
699,7.0,81.90178495454916,14.374264536187157
700,0.0,654.4732067019065,14.058548648208255
701,1.0,397.714935208591,10.422916721999307
702,4.0,580.7140605310643,4.0732265941297285
703,1.0,175.04573896917532,6.1464007353793955
704,9.0,22.502950120583023,5.590856414104287
705,1.0,793.4689342213998,14.585785759954334
706,6.0,1155.6633981259197,5.816931274984267
707,10.0,1266.2481074458601,18.91356758859159
708,5.0,619.6804553568742,17.56159802067252
709,2.0,632.3250665467722,11.85478761560886
710,8.0,908.5311909177626,7.950383547244904
711,8.0,754.2763981102612,18.126403636031142
712,9.0,289.31705241543534,14.439259871375398
713,2.0,1214.6896667827336,12.696057162120365
714,4.0,835.3020651334107,13.667522657897647
715,6.0,1406.9099696098701,20.42495270171346
716,1.0,848.2078020105102,11.09724620753386
717,5.0,706.5515197810834,3.6402177460031098
718,4.0,727.2435389242962,1.8562979623349065
719,8.0,35.37561966824239,9.30264998077877
720,1.0,307.8377906677887,5.347817496838312
721,6.0,1459.395335466669,20.71424654933139
722,7.0,1140.465778011936,6.689541883288554
723,7.0,763.9221543924957,1.0451934036716075
724,9.0,877.1338371690618,0.5478938596872283
725,8.0,114.19139389743009,10.54298575626178
726,3.0,475.6051433075878,16.992503142838423
727,6.0,331.04183695491486,5.140154964886641
728,6.0,356.1538300673586,8.424889875207475
729,3.0,314.82992011768135,16.961117719792774
730,6.0,333.22858987618883,3.566657158593517
731,8.0,145.81474098980078,6.222565831166026
732,10.0,1566.8149168730042,8.756844137323842
733,4.0,828.3018467679112,30.881629151942327
734,9.0,185.59417252889733,9.28138508555644
735,4.0,30.368334711366174,9.008330915274176
736,3.0,852.021294771753,14.95546037942408
737,5.0,397.03392443946944,15.166488268733257
738,6.0,334.94760760822976,1.0812770744460636
739,4.0,142.26699218079216,17.508771585166564
740,10.0,871.7714205814441,17.54422091876364
741,2.0,1055.6461359508962,9.5539167596898
742,7.0,1584.11012822683,1.4139718295792054
743,2.0,27.162370144752572,26.000194653128474
744,9.0,1187.800026096008,14.314426932750617
745,2.0,343.7964175013732,9.568106246862456
746,3.0,729.3792197377142,25.87734467824457
747,1.0,1046.107198674191,8.282810580616413
748,8.0,848.4533838922539,16.601203388816174
749,7.0,557.216957263624,11.090669776908303
750,5.0,374.7594415095913,23.746506612229936
751,7.0,274.97095943840213,28.39982724635829
752,9.0,396.9784898510492,28.28052561661205
753,5.0,253.14957807307906,14.719569916442188
754,3.0,219.73536317395644,15.403579505132013
755,7.0,313.6614701641287,7.001799703896503
756,8.0,92.84001598336874,12.566161783011832
757,5.0,1132.5498955975177,30.094735322903674
758,5.0,1028.8201340612577,2.794641174816812
759,7.0,663.8883445359278,12.215303311679072
760,4.0,853.4628358570055,0.026332343311342044
761,8.0,686.6101356744091,9.270928635686682
762,0.0,1122.9993763224813,2.3724763491337484
763,6.0,772.8749177676323,13.141940917569311
764,9.0,113.29049881546388,15.139720654624005
765,2.0,577.78099599859,18.173706053613856
766,8.0,453.94302014540267,0.416992628175306
767,2.0,273.31165760259523,16.338242527242794
768,0.0,102.07242994998762,39.69244806506305
769,6.0,495.70152054993196,8.73036523508395
770,4.0,620.4552768015078,7.475010485158929
771,4.0,697.3314820400085,23.373802887623256
772,2.0,500.86043424599984,6.702830008836269
773,4.0,902.602512597475,16.323775684050965
774,1.0,278.0838468326306,3.364231047648344
775,8.0,66.58917700545885,5.978359399018641
776,3.0,1158.1918050894506,19.428644912402397
777,4.0,634.4579668591952,13.917327525321786
778,8.0,252.70347449263397,5.770275860547394
779,7.0,360.9606357450499,8.72900731854081
780,8.0,252.21686681029905,12.65847674532678
781,9.0,752.752114760589,5.128953701688411
782,7.0,850.5036546437311,12.24654867169765
783,4.0,760.0844520710162,0.6720282018912211
784,8.0,620.6028745630041,20.335664979602157
785,0.0,898.1516577916993,18.84909098222313
786,8.0,408.8033820329655,14.040350033759843
787,9.0,250.25872198897935,10.246887867276765
788,9.0,640.7484763146301,0.4281057303691842
789,5.0,1264.9803251343133,14.296123431529146
790,4.0,381.23113712761625,1.0513739458966462
791,5.0,858.2186571084897,2.1505677502271574
792,1.0,1338.0523003938126,23.653850708462976
793,4.0,367.68914443785127,16.97636913985133
794,4.0,1259.7540954565038,7.352649346199026
795,0.0,270.5763394104082,16.4980951508878
796,5.0,169.76605983356194,18.524003862297523
797,7.0,785.1427296571479,21.392828150657497
798,2.0,100.72416496434863,10.200547114316917
799,2.0,658.3732720432363,12.844214399198489
800,0.0,17.84274238626756,12.91623688029954
801,3.0,1464.3103753142516,8.40817079511764
802,5.0,418.435350314541,24.893024278600755
803,5.0,404.0978099705238,14.25184376345071
804,6.0,216.36453832638364,18.082072219914355
805,5.0,420.5456152248672,7.711705010645847
806,6.0,1072.465911006515,6.557414386075447
807,7.0,799.4074208811994,13.844546249269285
808,0.0,477.5669686796416,15.973215630370326
809,6.0,682.6262055397694,8.96621432790586
810,1.0,481.4047367425636,17.86133277993085
811,1.0,39.50907296643675,4.511731480923771
812,5.0,1251.4999988038066,6.490681559757231
813,3.0,953.527997046209,5.846805797024393
814,2.0,701.7905541230512,34.54186755673558
815,3.0,374.8056833937243,18.781505627566176
816,4.0,284.4796624500142,5.082438318058496
817,7.0,792.6728798660228,26.54002318395883
818,5.0,777.9661766824307,4.256730073358177
819,9.0,174.15294753319756,17.239656627160656
820,3.0,325.82276225090175,13.123602444259067
821,7.0,701.8674087727834,12.280961356939606
822,5.0,1317.5067524026042,8.432593904578361
823,6.0,227.74723584077321,9.618368471309122
824,8.0,27.281955820355734,3.2648034694978847
825,6.0,1484.2432065672165,22.864411993056493
826,3.0,529.8276350625175,20.605679471981734
827,1.0,31.859305069773995,0.16293105000272057
828,2.0,268.7327043601099,9.99467455320143
829,6.0,169.6070714526204,28.030532458460538
830,10.0,246.6760350925092,12.018495029073145
831,9.0,108.32740736694939,14.967389585935386
832,8.0,1401.6899026035499,15.43203877326615
833,7.0,204.0054928855963,21.186935003314964
834,8.0,1047.6996739448266,12.448289206632648
835,2.0,235.64014671167217,6.917546943918174
836,6.0,264.50262597590154,15.74360196911767
837,5.0,296.57852477644815,16.068024961719992
838,1.0,126.47656124178172,6.094547334784089
839,8.0,1294.2388763900694,0.2937903393298935
840,6.0,1277.638256835066,16.949000137048216
841,7.0,165.93352567754016,2.772313044330817
842,4.0,810.4886815603907,16.96344725971634
843,0.0,234.86100746504292,8.45688973615784
844,10.0,1091.5314881910626,5.8106456213268185
845,8.0,382.81889253181464,15.05295559283408
846,7.0,417.20955976296176,14.25569990282427
847,5.0,800.6190000904757,16.360757343793463
848,9.0,683.4121855970009,0.7352955737108466
849,9.0,808.3403453715931,4.51025410160131
850,9.0,274.55467251437835,2.9392755275925957
851,7.0,958.6890451703559,24.931152896962583
852,9.0,385.419869390613,7.876895031195936
853,8.0,126.1741736287276,1.7842870218096696
854,7.0,1275.1145813273595,12.797199268605718
855,9.0,653.101656984395,5.472487753101753
856,6.0,168.89788607242002,10.979523610420882
857,7.0,657.1291087360707,2.9511607409079517
858,10.0,419.3014368158573,5.363402878403185
859,4.0,1067.9568180889923,13.374505230679073
860,3.0,548.5453886916517,19.766851632654703
861,1.0,193.70779981836978,12.80807719003619
862,7.0,995.6308741974918,31.11362099354366
863,6.0,418.90549811231756,9.168772595923677
864,2.0,993.0870168968731,28.848367269771046
865,6.0,293.29727135355984,11.57045870920555
866,7.0,398.57565782046026,14.861889225909445
867,10.0,733.1809616018871,9.744586037359745
868,1.0,368.1031597489113,17.09338919394921
869,2.0,1364.5679063266334,4.603137600837752
870,7.0,432.3992793468568,11.336874381622327
871,4.0,392.81613867269016,29.90598966419334
872,6.0,319.8100925259777,10.202972551714575
873,2.0,225.24148947283697,1.227185424479595
874,4.0,1250.5890255619183,12.773499161944528
875,5.0,197.68199581632882,2.04887715011553
876,9.0,264.4528182857539,5.385565336290083
877,0.0,174.26582546715116,1.9800406266271882
878,1.0,275.69340429597577,13.447889940486082
879,4.0,633.4491123974138,5.635013385742621
880,3.0,197.04719557125486,0.26225609251364546
881,7.0,64.24193253813195,13.83429257130332
882,7.0,372.2957435569075,19.319227456966516
883,2.0,1388.4676333863517,23.93288422896263
884,6.0,711.5548187556144,12.332252817844156
885,7.0,101.82752403863441,31.76062518964624
886,9.0,792.5985224498841,5.076962279526953
887,4.0,701.5845858737994,1.8308843877205696
888,10.0,588.9236980644995,17.619878101732603
889,3.0,842.8575778794448,23.263930302293705
890,6.0,737.5716211421056,30.98662045995866
891,6.0,159.20934342383862,16.993039503367136
892,2.0,128.5876340315765,5.959408669888765
893,2.0,517.031089490835,12.235510742869211
894,9.0,1352.830363856291,4.376269044229197
895,3.0,368.1970451357982,3.4445142471952117
896,1.0,312.5979039544859,15.380486201464244
897,8.0,417.667974023096,14.774574590358897
898,7.0,1695.951065837877,13.689802838705878
899,6.0,56.26290470160336,16.536152472271844
900,2.0,281.6553371362445,17.879439715717417
901,4.0,1264.120175278185,6.241285540549351
902,7.0,514.2830716812323,11.907690399616742
903,4.0,751.6129146483826,25.76757066712009
904,6.0,1002.8793330906911,8.647515918925938
905,5.0,390.62571577180523,8.422843675152734
906,9.0,163.47548660146606,3.023791234555425
907,1.0,51.55626467719952,6.141121698258676
908,6.0,19.460813645836367,9.198806916109053
909,2.0,702.6629159489496,9.719806216573144
910,6.0,357.7468997276334,2.875602770905922
911,9.0,396.0631562652926,4.733665285889027
912,7.0,46.15374735371995,22.627544652047654
913,4.0,241.38179331542443,10.00021726107197
914,5.0,356.00802668795666,12.098305952702619
915,9.0,215.73233083318428,6.877341688023763
916,7.0,728.1511610515322,21.513425890294542
917,3.0,1348.9110277952732,29.38443355992894
918,5.0,1315.2522488689026,3.7975021213433067
919,4.0,1295.029367878158,4.548270731157782
920,9.0,2.5965793397152765,3.9835962761673036
921,3.0,436.07800162860417,13.251899358488316
922,9.0,59.30221880988523,19.164176946832555
923,3.0,176.22829925933917,3.4277601956675605
924,5.0,786.0983778264433,2.572803872998646
925,5.0,550.5851982549,6.319185434375572
926,1.0,291.47100965232056,31.17680710502443
927,2.0,699.8881735443674,16.723378910747478
928,7.0,819.5101876156602,28.471179809462008
929,1.0,531.1930510617083,19.933791576756136
930,9.0,666.9146927178817,18.516276783085523
931,1.0,251.85159866893326,10.734406493193907
932,7.0,623.7614896398502,6.063674781118006
933,4.0,1275.308012399046,0.22937505492511256
934,7.0,140.38795589010965,0.3562187758790909
935,2.0,40.59891406208595,33.18987189645596
936,4.0,915.2330503342173,0.5654009162800797
937,1.0,1238.380512827053,10.355923787369967
938,8.0,1515.329069899546,14.434565308177627
939,4.0,643.9462157785872,23.151817419413245
940,4.0,696.8046268406331,5.728496120620957
941,4.0,1279.311648547713,1.452912031685056
942,10.0,540.2619810656935,18.234202758051914
943,1.0,191.32646651439416,3.4316368942409436
944,8.0,552.7138806033767,7.367700378535451
945,6.0,35.379634464291826,6.443754073231148
946,6.0,1374.0353134660922,35.24476400095469
947,6.0,224.54687232763882,33.113166369202744
948,4.0,350.9577618499502,16.807825465136045
949,6.0,906.2342131122325,14.247641112188365
950,2.0,1691.7393322320795,5.104759690318327
951,4.0,510.0760285247085,13.34904423997476
952,9.0,34.6667475479274,19.7381138704625
953,9.0,135.11331389840723,2.780884277365921
954,5.0,1628.3576523306722,13.998370918884373
955,3.0,1277.947202803453,21.890793781295397
956,10.0,49.54179646767557,5.200260144355889
957,8.0,142.29843421203287,4.373113775521843
958,9.0,32.69529831352713,19.232025576893356
959,9.0,398.98482074579067,17.13006620626586
960,2.0,1531.0211142918542,5.959505058461799
961,7.0,226.42631357644018,9.615197192245427
962,6.0,726.7620669077331,20.14407747338465
963,9.0,493.72369837758174,12.015270767363567
964,8.0,1122.7266485245646,4.158464087621202
965,2.0,1292.9399419616352,6.724271400929383
966,5.0,272.2225446144895,18.048974960055965
967,0.0,210.4970032128005,10.710804644473036
968,5.0,539.6744526607314,9.828449258496823
969,3.0,179.8134521147349,20.68575213834491
970,9.0,681.6648827613806,3.978663941142589
971,7.0,1060.0738676672452,8.29531764190034
972,6.0,28.474831540306184,0.12604472038685266
973,8.0,610.6273018495822,5.462926725977406
974,7.0,306.87220833836125,19.18684353318164
975,3.0,643.145012261657,16.339606145759944
976,7.0,569.3240176625619,39.04479323257081
977,3.0,819.5844032684643,12.219301199375336
978,5.0,515.3598887277204,25.862823697916014
979,7.0,494.13466748855575,9.068366902523362
980,9.0,879.3717451620973,21.830246901151007
981,2.0,1085.5169739068067,29.75501565572325
982,3.0,687.5954315769001,16.729244451773052
983,5.0,189.2349508925265,19.260077452837905
984,3.0,473.6242743760176,29.502611221006326
985,8.0,449.08352927994434,6.106434140855033
986,2.0,845.1062037089148,8.598986204001076
987,8.0,694.3551972041973,11.850487843401922
988,8.0,441.124032386699,16.07903214633322
989,8.0,326.7439448499608,19.33097246227458
990,7.0,460.5070535980975,12.947713004017338
991,8.0,202.74019875580467,8.7125686136601
992,2.0,968.7216065961663,2.477891240037696
993,4.0,772.509522205545,5.2906148839421725
994,5.0,850.1575298129453,20.04329254314172
995,6.0,1130.0765834522335,18.774696918600334
996,8.0,227.73053550662706,15.388853296003013
997,5.0,58.154060800671346,6.2308338001518795
998,5.0,617.392575967493,4.350287501612371
999,0.0,53.86465685328392,7.139836525209994
